variable,count,mean,std,min,25%,50%,75%,max,original
dummy1,1000.0,0.00015312208905998603,0.011391035086149021,-0.0351956411570846,-0.007843253494135225,0.00054823939494855,0.0080174641597814,0.0384603269881367,0.000133754525752
dummy2,1000.0,-1.6867642619786987e-05,0.00950934335046012,-0.0275589698626248,-0.0066017856720135,4.6860524498981704e-05,0.0063101298436265005,0.0253492702511692,0.0085660788701957
x1,1000.0,0.06685076720114279,3.141132664766964,-8.768603088989275,-2.032359348749215,0.048851925083253006,2.0826030934851945,28.203591378251677,28.203591378251677
x2,1000.0,0.055917724970442124,8.018038503112598,-25.602456371564084,-5.057770609800775,0.2868984205596874,5.223710525432282,75.0517092933053,75.0517092933053
x3,1000.0,0.07254124025314004,2.0128395959781633,-5.824010046435532,-1.2233440344171362,0.11585755257967806,1.4490489970913205,17.75427367881732,17.75427367881732
